geography_code,month_index,addressable_prevalent_pool
EU,4,13.4328358208955
EU,5,12.089552238806
EU,6,12.089552238806
EU,7,10.7462686567164
EU,8,10.7462686567164
EU,9,9.40298507462687
EU,10,8.05970149253731
EU,11,6.71641791044776
EU,12,6.71641791044776
US,1,1.2
US,2,2.4
US,3,3.6
US,4,4.8
US,5,7.2
US,6,9.6
US,7,12
US,8,14.4
US,9,16.8
US,10,18
US,11,15.6
US,12,14.4
US,13,10.8
US,14,12.6
US,15,14.4
US,16,16.2
US,17,16.2
US,18,18
US,19,18
US,20,18
US,21,16.2
US,22,14.4
US,23,12.6
US,24,12.6
